date,week_id,year_week,sku,units_ordered,units_delivered,units_sold,revenue,contribution,service_level
2024-09-02,1,2024-W36,CFCL-355,1023,985,908,30983.75,16001.75,0.9628543499511242
2024-09-02,1,2024-W36,CFMO-355,624,607,544,21438.0,10830.0,0.9727564102564102
2024-09-02,1,2024-W36,CFVN-355,778,746,627,23288.3,11876.9,0.9588688946015425
2024-09-02,1,2024-W36,ENRG-473,505,492,407,18114.75,8753.75,0.9742574257425742
2024-09-02,1,2024-W36,FRTR-500,773,747,621,18373.5,9803.7,0.9663648124191462
2024-09-02,1,2024-W36,TELM-500,849,816,730,20283.2,11158.2,0.9611307420494699
2024-09-09,2,2024-W37,CFCL-355,994,954,816,28168.33,14696.01,0.959758551307847
2024-09-09,2,2024-W37,CFMO-355,631,608,538,21217.42,10719.83,0.9635499207606973
2024-09-09,2,2024-W37,CFVN-355,757,734,589,22229.2,11502.83,0.9696169088507266
2024-09-09,2,2024-W37,ENRG-473,503,489,388,17294.18,8364.66,0.9721669980119284
2024-09-09,2,2024-W37,FRTR-500,780,753,680,20077.48,10687.61,0.9653846153846154
2024-09-09,2,2024-W37,TELM-500,846,813,710,19747.79,10867.3,0.9609929078014184
2024-09-16,3,2024-W38,CFCL-355,1004,971,829,28484.17,14788.66,0.9671314741035857
2024-09-16,3,2024-W38,CFMO-355,642,621,548,21409.02,10709.82,0.9672897196261683
2024-09-16,3,2024-W38,CFVN-355,777,745,618,23288.44,12027.02,0.9588159588159588
2024-09-16,3,2024-W38,ENRG-473,515,502,424,18674.05,8910.03,0.974757281553398
2024-09-16,3,2024-W38,FRTR-500,794,765,700,20561.12,10889.210000000001,0.9634760705289672
2024-09-16,3,2024-W38,TELM-500,856,828,719,19918.27,10919.550000000001,0.9672897196261683
2024-09-23,4,2024-W39,CFCL-355,1006,972,840,29182.84,15297.07,0.9662027833001988
2024-09-23,4,2024-W39,CFMO-355,611,595,507,20079.32,10174.39,0.9738134206219312
2024-09-23,4,2024-W39,CFVN-355,788,763,689,25768.29,13205.26,0.9682741116751269
2024-09-23,4,2024-W39,ENRG-473,515,503,427,18919.41,9080.17,0.9766990291262136
2024-09-23,4,2024-W39,FRTR-500,784,753,608,18066.84,9660.869999999999,0.9604591836734694
2024-09-23,4,2024-W39,TELM-500,859,825,738,20286.78,11044.61,0.9604190919674039
2024-09-30,5,2024-W40,CFCL-355,982,945,847,29522.76,15512.58,0.9623217922606925
2024-09-30,5,2024-W40,CFMO-355,618,597,487,19383.38,9863.37,0.9660194174757282
2024-09-30,5,2024-W40,CFVN-355,772,743,648,24323.49,12500.69,0.9624352331606217
2024-09-30,5,2024-W40,ENRG-473,507,487,367,16266.7,7804.679999999999,0.960552268244576
2024-09-30,5,2024-W40,FRTR-500,796,771,691,20436.8,10877.41,0.9685929648241206
2024-09-30,5,2024-W40,TELM-500,851,816,761,20835.71,11299.58,0.9588719153936546
2024-10-07,6,2024-W41,CFCL-355,1017,976,848,29234.14,15198.75,0.95968534906588
2024-10-07,6,2024-W41,CFMO-355,624,608,524,20831.07,10581.32,0.9743589743589743
2024-10-07,6,2024-W41,CFVN-355,763,731,639,24099.21,12433.42,0.9580602883355177
2024-10-07,6,2024-W41,ENRG-473,521,508,411,18087.39,8605.05,0.9750479846449136
2024-10-07,6,2024-W41,FRTR-500,780,751,620,18471.440000000002,9888.79,0.9628205128205128
2024-10-07,6,2024-W41,TELM-500,853,821,725,19844.81,10754.18,0.9624853458382181
2024-10-14,7,2024-W42,CFCL-355,1009,960,846,29196.43,15185.52,0.9514370664023786
2024-10-14,7,2024-W42,CFMO-355,635,609,511,20001.93,10000.34,0.9590551181102362
2024-10-14,7,2024-W42,CFVN-355,770,746,628,23729.35,12257.21,0.9688311688311688
2024-10-14,7,2024-W42,ENRG-473,517,506,437,19343.42,9255.09,0.9787234042553191
2024-10-14,7,2024-W42,FRTR-500,787,750,658,19550.72,10436.59,0.9529860228716646
2024-10-14,7,2024-W42,TELM-500,860,831,685,19070.39,10476.06,0.9662790697674418
2024-10-21,8,2024-W43,CFCL-355,994,956,849,29568.8,15499.51,0.9617706237424547
2024-10-21,8,2024-W43,CFMO-355,632,610,527,20915.48,10594.18,0.9651898734177216
2024-10-21,8,2024-W43,CFVN-355,779,748,640,23951.26,12252.75,0.9602053915275995
2024-10-21,8,2024-W43,ENRG-473,513,502,402,17872.49,8586.36,0.9785575048732943
2024-10-21,8,2024-W43,FRTR-500,803,776,695,20603.07,10970.45,0.9663760896637609
2024-10-21,8,2024-W43,TELM-500,861,831,741,20671.38,11368.67,0.9651567944250871
2024-10-28,9,2024-W44,CFCL-355,996,963,840,29393.829999999998,15465.07,0.9668674698795181
2024-10-28,9,2024-W44,CFMO-355,625,612,535,21343.08,10858.89,0.9792
2024-10-28,9,2024-W44,CFVN-355,775,749,657,24886.82,12870.2,0.9664516129032258
2024-10-28,9,2024-W44,ENRG-473,520,506,404,17921.08,8582.97,0.9730769230769231
2024-10-28,9,2024-W44,FRTR-500,790,767,700,20834.25,11126.41,0.970886075949367
2024-10-28,9,2024-W44,TELM-500,853,824,690,19188.87,10521.11,0.9660023446658851
2024-11-04,10,2024-W45,CFCL-355,1012,972,818,28419.93,14847.61,0.9604743083003953
2024-11-04,10,2024-W45,CFMO-355,657,638,506,19845.44,9923.33,0.9710806697108066
2024-11-04,10,2024-W45,CFVN-355,776,748,699,26442.22,13649.42,0.9639175257731959
2024-11-04,10,2024-W45,ENRG-473,524,510,447,19905.29,9566.98,0.9732824427480916
2024-11-04,10,2024-W45,FRTR-500,796,767,621,18519.670000000002,9902.039999999999,0.9635678391959799
2024-11-04,10,2024-W45,TELM-500,867,835,709,19733.37,10821.44,0.9630911188004614
2024-11-11,11,2024-W46,CFCL-355,1019,981,880,30584.99,15974.99,0.9627085377821394
2024-11-11,11,2024-W46,CFMO-355,634,620,517,20726.57,10582.56,0.9779179810725552
2024-11-11,11,2024-W46,CFVN-355,795,763,648,24350.84,12484.18,0.959748427672956
2024-11-11,11,2024-W46,ENRG-473,521,514,413,18587.62,9029.79,0.9865642994241842
2024-11-11,11,2024-W46,FRTR-500,792,762,644,19257.66,10315.25,0.9621212121212122
2024-11-11,11,2024-W46,TELM-500,880,851,756,21008.51,11499.89,0.9670454545454545
2024-11-18,12,2024-W47,CFCL-355,1137,1109,1011,35442.86,18647.57,0.9753737906772207
2024-11-18,12,2024-W47,CFMO-355,720,692,604,24044.96,12186.619999999999,0.9611111111111111
2024-11-18,12,2024-W47,CFVN-355,896,868,787,29625.53,15204.41,0.96875
2024-11-18,12,2024-W47,ENRG-473,587,570,494,22003.71,10564.18,0.9710391822827938
2024-11-18,12,2024-W47,FRTR-500,903,865,738,21931.05,11677.17,0.9579180509413068
2024-11-18,12,2024-W47,TELM-500,989,954,785,21881.64,12002.21,0.9646107178968655
2024-11-25,13,2024-W48,CFCL-355,1164,1118,949,33190.14,17415.170000000002,0.9604810996563574
2024-11-25,13,2024-W48,CFMO-355,730,706,620,24670.44,12490.45,0.9671232876712329
2024-11-25,13,2024-W48,CFVN-355,899,863,795,29962.37,15385.74,0.9599555061179088
2024-11-25,13,2024-W48,ENRG-473,591,575,489,21898.91,10568.25,0.9729272419627749
2024-11-25,13,2024-W48,FRTR-500,912,873,825,24360.38,12890.71,0.9572368421052632
2024-11-25,13,2024-W48,TELM-500,994,951,871,24253.33,13284.86,0.9567404426559356
2024-12-02,14,2024-W49,CFCL-355,1155,1112,930,32272.66,16803.88,0.9627705627705627
2024-12-02,14,2024-W49,CFMO-355,729,702,592,23704.0,12066.95,0.9629629629629629
2024-12-02,14,2024-W49,CFVN-355,901,868,758,28857.69,14950.77,0.9633740288568258
2024-12-02,14,2024-W49,ENRG-473,579,561,489,22082.78,10745.0,0.9689119170984456
2024-12-02,14,2024-W49,FRTR-500,925,883,716,21320.99,11360.41,0.9545945945945946
2024-12-02,14,2024-W49,TELM-500,991,957,787,22067.14,12150.39,0.9656912209889001
2024-12-09,15,2024-W50,CFCL-355,1177,1131,990,34244.12,17767.39,0.9609175870858114
2024-12-09,15,2024-W50,CFMO-355,739,710,579,23132.54,11744.08,0.9607577807848444
2024-12-09,15,2024-W50,CFVN-355,905,868,766,29011.63,14949.44,0.9591160220994475
2024-12-09,15,2024-W50,ENRG-473,609,588,536,23757.420000000002,11322.4,0.9655172413793104
2024-12-09,15,2024-W50,FRTR-500,939,906,792,23381.88,12357.38,0.9648562300319489
2024-12-09,15,2024-W50,TELM-500,977,946,843,23757.39,13128.49,0.9682702149437052
2024-12-16,16,2024-W51,CFCL-355,1167,1122,989,34723.67,18253.43,0.961439588688946
2024-12-16,16,2024-W51,CFMO-355,735,713,657,26200.35,13269.73,0.9700680272108844
2024-12-16,16,2024-W51,CFVN-355,904,869,770,29316.010000000002,15171.71,0.9612831858407079
2024-12-16,16,2024-W51,ENRG-473,605,586,498,22512.49,10952.13,0.968595041322314
2024-12-16,16,2024-W51,FRTR-500,938,897,818,24368.08,12974.75,0.9562899786780383
2024-12-16,16,2024-W51,TELM-500,1022,978,858,23756.86,12932.11,0.9569471624266145
2024-12-23,17,2024-W52,CFCL-355,1160,1126,910,32117.14,16953.24,0.9706896551724138
2024-12-23,17,2024-W52,CFMO-355,762,732,653,25765.66,12905.83,0.9606299212598425
2024-12-23,17,2024-W52,CFVN-355,922,887,782,29667.010000000002,15293.38,0.9620390455531453
2024-12-23,17,2024-W52,ENRG-473,601,584,495,22056.56,10558.72,0.9717138103161398
2024-12-23,17,2024-W52,FRTR-500,924,883,808,24170.52,12909.49,0.9556277056277056
2024-12-23,17,2024-W52,TELM-500,1006,968,829,23173.32,12707.97,0.9622266401590457
2024-12-30,18,2024-W01,CFCL-355,968,936,782,27492.45,14453.52,0.9669421487603306
2024-12-30,18,2024-W01,CFMO-355,608,590,472,18934.36,9633.33,0.9703947368421053
2024-12-30,18,2024-W01,CFVN-355,778,748,636,24061.89,12364.66,0.961439588688946
2024-12-30,18,2024-W01,ENRG-473,545,532,413,18506.42,8907.25,0.9761467889908257
2024-12-30,18,2024-W01,FRTR-500,825,804,725,21787.05,11676.58,0.9745454545454545
2024-12-30,18,2024-W01,TELM-500,894,857,788,22164.25,12210.5,0.9586129753914989
2025-01-06,19,2025-W02,CFCL-355,998,961,835,29159.14,15227.83,0.9629258517034068
2025-01-06,19,2025-W02,CFMO-355,629,603,551,21853.77,10989.46,0.958664546899841
2025-01-06,19,2025-W02,CFVN-355,781,747,630,23792.09,12198.09,0.9564660691421255
2025-01-06,19,2025-W02,ENRG-473,542,522,415,18605.84,8954.38,0.9630996309963099
2025-01-06,19,2025-W02,FRTR-500,827,793,725,21809.25,11692.58,0.9588875453446191
2025-01-06,19,2025-W02,TELM-500,918,884,771,21517.41,11772.36,0.9629629629629629
2025-01-13,20,2025-W03,CFCL-355,1005,962,884,30783.97,16026.220000000001,0.9572139303482587
2025-01-13,20,2025-W03,CFMO-355,614,600,495,19964.31,10198.04,0.9771986970684039
2025-01-13,20,2025-W03,CFVN-355,769,735,634,24038.95,12364.24,0.9557867360208062
2025-01-13,20,2025-W03,ENRG-473,548,535,423,19061.920000000002,9218.26,0.9762773722627737
2025-01-13,20,2025-W03,FRTR-500,838,807,687,20676.69,11084.4,0.9630071599045346
2025-01-13,20,2025-W03,TELM-500,929,891,762,21368.36,11731.17,0.9590958019375673
2025-01-20,21,2025-W04,CFCL-355,1009,963,848,29844.85,15679.27,0.9544103072348861
2025-01-20,21,2025-W04,CFMO-355,623,604,495,19907.21,10135.03,0.9695024077046549
2025-01-20,21,2025-W04,CFVN-355,763,739,616,23641.31,12291.06,0.9685452162516383
2025-01-20,21,2025-W04,ENRG-473,547,532,432,19569.03,9509.8,0.9725776965265083
2025-01-20,21,2025-W04,FRTR-500,840,812,744,22492.46,12097.93,0.9666666666666667
2025-01-20,21,2025-W04,TELM-500,936,896,790,22030.3,12032.8,0.9572649572649573
2025-01-27,22,2025-W05,CFCL-355,1004,965,880,30773.21,16064.15,0.9611553784860558
2025-01-27,22,2025-W05,CFMO-355,636,613,561,22352.39,11270.39,0.9638364779874213
2025-01-27,22,2025-W05,CFVN-355,785,760,662,25262.5,13057.29,0.9681528662420382
2025-01-27,22,2025-W05,ENRG-473,549,532,434,19696.84,9584.98,0.9690346083788707
2025-01-27,22,2025-W05,FRTR-500,864,826,718,21315.85,11278.44,0.9560185185185185
2025-01-27,22,2025-W05,TELM-500,912,881,704,19833.579999999998,10918.92,0.9660087719298246
2025-02-03,23,2025-W06,CFCL-355,995,959,861,30527.23,16126.9,0.963819095477387
2025-02-03,23,2025-W06,CFMO-355,629,609,490,19674.63,9989.25,0.9682034976152624
2025-02-03,23,2025-W06,CFVN-355,770,739,658,25207.48,13068.55,0.9597402597402598
2025-02-03,23,2025-W06,ENRG-473,553,539,445,20214.45,9839.83,0.9746835443037974
2025-02-03,23,2025-W06,FRTR-500,869,836,705,21065.78,11204.06,0.9620253164556962
2025-02-03,23,2025-W06,TELM-500,939,897,796,22389.43,12303.66,0.9552715654952076
2025-02-10,24,2025-W07,CFCL-355,1015,970,872,30678.3,16085.22,0.9556650246305419
2025-02-10,24,2025-W07,CFMO-355,637,614,557,22245.78,11229.37,0.9638932496075353
2025-02-10,24,2025-W07,CFVN-355,783,754,682,25951.79,13362.42,0.9629629629629629
2025-02-10,24,2025-W07,ENRG-473,561,549,457,20643.37,9982.5,0.9786096256684492
2025-02-10,24,2025-W07,FRTR-500,873,846,746,22364.98,11923.39,0.9690721649484536
2025-02-10,24,2025-W07,TELM-500,930,896,785,22160.62,12208.31,0.9634408602150538
2025-02-17,25,2025-W08,CFCL-355,1025,989,891,31081.38,16161.09,0.9648780487804878
2025-02-17,25,2025-W08,CFMO-355,641,624,515,20593.46,10401.56,0.9734789391575663
2025-02-17,25,2025-W08,CFVN-355,783,760,622,23930.690000000002,12441.8,0.9706257982120051
2025-02-17,25,2025-W08,ENRG-473,558,544,441,19829.43,9535.539999999999,0.974910394265233
2025-02-17,25,2025-W08,FRTR-500,871,831,750,22405.87,11901.98,0.9540757749712974
2025-02-17,25,2025-W08,TELM-500,932,898,786,22195.579999999998,12224.47,0.9635193133047211
2025-02-24,26,2025-W09,CFCL-355,1018,981,845,29917.02,15758.32,0.9636542239685658
2025-02-24,26,2025-W09,CFMO-355,650,628,489,19673.19,9989.880000000001,0.9661538461538461
2025-02-24,26,2025-W09,CFVN-355,798,760,685,25954.76,13294.56,0.9523809523809523
2025-02-24,26,2025-W09,ENRG-473,556,538,463,21014.1,10200.05,0.9676258992805755
2025-02-24,26,2025-W09,FRTR-500,863,828,709,21560.55,11624.75,0.9594438006952491
2025-02-24,26,2025-W09,TELM-500,946,908,751,20907.6,11374.52,0.959830866807611
2025-03-03,27,2025-W10,CFCL-355,1034,984,914,32085.81,16761.55,0.9516441005802708
2025-03-03,27,2025-W10,CFMO-355,649,627,584,23445.4,11873.81,0.9661016949152542
2025-03-03,27,2025-W10,CFVN-355,784,749,602,23163.760000000002,12030.789999999999,0.9553571428571429
2025-03-03,27,2025-W10,ENRG-473,565,550,508,22917.69,11045.35,0.9734513274336283
2025-03-03,27,2025-W10,FRTR-500,880,848,700,21057.11,11241.36,0.9636363636363636
2025-03-03,27,2025-W10,TELM-500,963,929,790,21996.77,11962.59,0.9646936656282451
2025-03-10,28,2025-W11,CFCL-355,1014,971,872,30642.92,16014.150000000001,0.9575936883629191
2025-03-10,28,2025-W11,CFMO-355,660,640,553,22084.36,11120.36,0.9696969696969697
2025-03-10,28,2025-W11,CFVN-355,809,778,673,25594.53,13140.84,0.9616810877626699
2025-03-10,28,2025-W11,ENRG-473,567,552,449,20325.780000000002,9825.92,0.9735449735449735
2025-03-10,28,2025-W11,FRTR-500,878,837,737,22121.18,11780.34,0.9533029612756264
2025-03-10,28,2025-W11,TELM-500,956,916,816,22989.02,12618.23,0.9581589958158996
2025-03-17,29,2025-W12,CFCL-355,1026,980,915,32420.17,17060.57,0.9551656920077972
2025-03-17,29,2025-W12,CFMO-355,651,626,521,21007.510000000002,10671.69,0.9615975422427036
2025-03-17,29,2025-W12,CFVN-355,821,790,648,24613.99,12615.699999999999,0.9622411693057247
2025-03-17,29,2025-W12,ENRG-473,579,562,480,21651.74,10420.06,0.9706390328151986
2025-03-17,29,2025-W12,FRTR-500,897,862,779,23679.44,12742.67,0.9609810479375697
2025-03-17,29,2025-W12,TELM-500,982,946,792,22296.99,12225.15,0.9633401221995926
2025-03-24,30,2025-W13,CFCL-355,1016,984,864,30738.73,16226.46,0.968503937007874
2025-03-24,30,2025-W13,CFMO-355,660,639,569,22654.22,11359.2,0.9681818181818181
2025-03-24,30,2025-W13,CFVN-355,812,782,658,25125.89,12935.0,0.9630541871921182
2025-03-24,30,2025-W13,ENRG-473,571,554,441,20035.86,9710.57,0.9702276707530648
2025-03-24,30,2025-W13,FRTR-500,911,877,750,22687.97,12151.869999999999,0.9626783754116356
2025-03-24,30,2025-W13,TELM-500,1010,973,840,23437.21,12748.34,0.9633663366336633
2025-03-31,31,2025-W14,CFCL-355,1051,1010,894,31166.76,16141.44,0.9609895337773549
2025-03-31,31,2025-W14,CFMO-355,653,632,556,22438.73,11395.08,0.9678407350689127
2025-03-31,31,2025-W14,CFVN-355,792,768,665,25543.18,13215.11,0.9696969696969697
2025-03-31,31,2025-W14,ENRG-473,568,545,477,21543.44,10368.45,0.9595070422535211
2025-03-31,31,2025-W14,FRTR-500,921,896,747,22563.23,12062.89,0.9728555917480999
2025-03-31,31,2025-W14,TELM-500,992,952,822,23161.91,12695.76,0.9596774193548387
2025-04-07,32,2025-W15,CFCL-355,1026,987,842,29865.7,15705.6,0.9619883040935673
2025-04-07,32,2025-W15,CFMO-355,636,613,542,22003.44,11231.33,0.9638364779874213
2025-04-07,32,2025-W15,CFVN-355,793,764,680,26099.42,13485.52,0.9634300126103404
2025-04-07,32,2025-W15,ENRG-473,564,548,450,20517.88,9968.960000000001,0.9716312056737588
2025-04-07,32,2025-W15,FRTR-500,901,861,733,22215.19,11905.42,0.9556048834628191
2025-04-07,32,2025-W15,TELM-500,1007,975,832,23424.46,12824.61,0.968222442899702
2025-04-14,33,2025-W16,CFCL-355,1038,1005,882,30923.95,16082.23,0.9682080924855492
2025-04-14,33,2025-W16,CFMO-355,654,627,561,22579.42,11422.77,0.9587155963302753
2025-04-14,33,2025-W16,CFVN-355,794,763,672,25802.43,13329.36,0.9609571788413098
2025-04-14,33,2025-W16,ENRG-473,576,559,443,19945.45,9554.31,0.9704861111111112
2025-04-14,33,2025-W16,FRTR-500,893,860,738,22610.11,12223.62,0.9630459126539753
2025-04-14,33,2025-W16,TELM-500,984,946,792,22447.57,12351.12,0.9613821138211383
2025-04-21,34,2025-W17,CFCL-355,1037,995,841,29861.3,15700.82,0.9594985535197685
2025-04-21,34,2025-W17,CFMO-355,645,624,491,19816.100000000002,10045.67,0.9674418604651163
2025-04-21,34,2025-W17,CFVN-355,811,782,664,25528.38,13196.34,0.9642416769420469
2025-04-21,34,2025-W17,ENRG-473,567,551,466,21170.02,10232.74,0.9717813051146384
2025-04-21,34,2025-W17,FRTR-500,932,896,752,22692.89,12102.99,0.9613733905579399
2025-04-21,34,2025-W17,TELM-500,985,946,758,21609.97,11941.17,0.9604060913705583
2025-04-28,35,2025-W18,CFCL-355,1039,1009,906,32067.0,16802.920000000002,0.971126082771896
2025-04-28,35,2025-W18,CFMO-355,646,621,550,22154.99,11203.85,0.9613003095975232
2025-04-28,35,2025-W18,CFVN-355,803,778,664,25474.52,13135.04,0.9688667496886675
2025-04-28,35,2025-W18,ENRG-473,568,557,445,20271.1,9820.4,0.9806338028169014
2025-04-28,35,2025-W18,FRTR-500,926,892,861,25941.09,13808.85,0.9632829373650108
2025-04-28,35,2025-W18,TELM-500,996,954,827,23482.17,12926.7,0.9578313253012049
2025-05-05,36,2025-W19,CFCL-355,1053,1007,869,30621.81,15972.21,0.956315289648623
2025-05-05,36,2025-W19,CFMO-355,651,626,544,21935.98,11097.74,0.9615975422427036
2025-05-05,36,2025-W19,CFVN-355,815,778,670,25600.43,13141.82,0.9546012269938651
2025-05-05,36,2025-W19,ENRG-473,598,586,476,21812.55,10626.98,0.979933110367893
2025-05-05,36,2025-W19,FRTR-500,915,881,776,23713.57,12772.43,0.9628415300546448
2025-05-05,36,2025-W19,TELM-500,993,962,854,24209.38,13302.79,0.9687814702920443
2025-05-12,37,2025-W20,CFCL-355,1030,990,819,28941.89,15126.69,0.9611650485436893
2025-05-12,37,2025-W20,CFMO-355,639,621,540,21990.53,11225.52,0.971830985915493
2025-05-12,37,2025-W20,CFVN-355,797,766,667,25667.79,13257.45,0.9611041405269761
2025-05-12,37,2025-W20,ENRG-473,612,595,507,22923.29,11002.11,0.9722222222222222
2025-05-12,37,2025-W20,FRTR-500,904,862,759,23185.82,12477.85,0.9535398230088495
2025-05-12,37,2025-W20,TELM-500,958,924,840,24071.64,13337.28,0.964509394572025
2025-05-19,38,2025-W21,CFCL-355,1023,985,821,29020.85,15163.52,0.9628543499511242
2025-05-19,38,2025-W21,CFMO-355,642,624,527,21344.52,10832.32,0.9719626168224299
2025-05-19,38,2025-W21,CFVN-355,793,765,678,26283.4,13660.65,0.9646910466582598
2025-05-19,38,2025-W21,ENRG-473,601,578,447,20403.07,9886.21,0.961730449251248
2025-05-19,38,2025-W21,FRTR-500,895,859,704,21351.12,11413.17,0.9597765363128492
2025-05-19,38,2025-W21,TELM-500,963,930,810,23317.59,12960.35,0.9657320872274143
2025-05-26,39,2025-W22,CFCL-355,1015,979,846,30095.96,15808.09,0.9645320197044335
2025-05-26,39,2025-W22,CFMO-355,647,628,498,20175.71,10235.87,0.9706336939721792
2025-05-26,39,2025-W22,CFVN-355,781,753,630,24480.17,12744.15,0.9641485275288092
2025-05-26,39,2025-W22,ENRG-473,594,578,491,22377.49,10818.28,0.9730639730639731
2025-05-26,39,2025-W22,FRTR-500,903,867,748,22652.03,12086.49,0.9601328903654485
2025-05-26,39,2025-W22,TELM-500,971,934,777,22213.0,12271.72,0.9618949536560247
2025-06-02,40,2025-W23,CFCL-355,1001,959,855,30623.75,16175.08,0.958041958041958
2025-06-02,40,2025-W23,CFMO-355,653,634,560,22480.670000000002,11296.65,0.9709035222052067
2025-06-02,40,2025-W23,CFVN-355,799,773,636,24354.64,12499.58,0.967459324155194
2025-06-02,40,2025-W23,ENRG-473,597,579,445,20430.88,9948.36,0.9698492462311558
2025-06-02,40,2025-W23,FRTR-500,885,847,737,22490.48,12073.95,0.9570621468926553
2025-06-02,40,2025-W23,TELM-500,962,927,819,23428.45,12943.41,0.9636174636174636
2025-06-09,41,2025-W24,CFCL-355,1012,975,877,31081.86,16252.47,0.9634387351778656
2025-06-09,41,2025-W24,CFMO-355,648,627,559,22364.28,11193.44,0.9675925925925926
2025-06-09,41,2025-W24,CFVN-355,784,758,666,25704.45,13282.699999999999,0.9668367346938775
2025-06-09,41,2025-W24,ENRG-473,592,570,538,24748.46,12067.59,0.9628378378378378
2025-06-09,41,2025-W24,FRTR-500,897,860,736,22393.71,11984.99,0.9587513935340022
2025-06-09,41,2025-W24,TELM-500,985,932,796,22689.37,12492.61,0.9461928934010152
2025-06-16,42,2025-W25,CFCL-355,1004,965,832,29639.52,15562.62,0.9611553784860558
2025-06-16,42,2025-W25,CFMO-355,610,591,554,22785.06,11707.46,0.9688524590163935
2025-06-16,42,2025-W25,CFVN-355,774,742,632,24452.29,12657.39,0.958656330749354
2025-06-16,42,2025-W25,ENRG-473,587,572,489,22507.6,10974.68,0.9744463373083475
2025-06-16,42,2025-W25,FRTR-500,882,848,676,20631.58,11065.630000000001,0.9614512471655329
2025-06-16,42,2025-W25,TELM-500,972,932,814,23079.24,12645.630000000001,0.9588477366255144
2025-06-23,43,2025-W26,CFCL-355,1026,988,881,30970.11,16055.03,0.9629629629629629
2025-06-23,43,2025-W26,CFMO-355,623,603,498,20347.46,10383.63,0.9678972712680578
2025-06-23,43,2025-W26,CFVN-355,761,732,608,23707.07,12353.28,0.961892247043364
2025-06-23,43,2025-W26,ENRG-473,590,572,493,22532.51,10898.130000000001,0.9694915254237289
2025-06-23,43,2025-W26,FRTR-500,888,851,753,22918.05,12256.03,0.9583333333333334
2025-06-23,43,2025-W26,TELM-500,954,917,801,22974.48,12701.24,0.9612159329140462
2025-06-30,44,2025-W27,CFCL-355,998,963,808,28826.06,15138.64,0.9649298597194389
2025-06-30,44,2025-W27,CFMO-355,618,599,502,20564.32,10514.39,0.9692556634304207
2025-06-30,44,2025-W27,CFVN-355,757,725,618,23989.52,12442.02,0.9577278731836195
2025-06-30,44,2025-W27,ENRG-473,595,574,499,22554.96,10771.960000000001,0.9647058823529412
2025-06-30,44,2025-W27,FRTR-500,885,852,731,22299.48,11942.81,0.9627118644067797
2025-06-30,44,2025-W27,TELM-500,974,934,837,23805.77,13064.34,0.9589322381930184
2025-07-07,45,2025-W28,CFCL-355,993,946,840,29965.72,15727.62,0.9526686807653575
2025-07-07,45,2025-W28,CFMO-355,619,602,488,19878.29,10102.59,0.9725363489499192
2025-07-07,45,2025-W28,CFVN-355,779,753,653,25234.87,13026.02,0.9666238767650834
2025-07-07,45,2025-W28,ENRG-473,589,577,468,21451.510000000002,10393.89,0.9796264855687606
2025-07-07,45,2025-W28,FRTR-500,873,841,738,22438.37,11976.16,0.9633447880870561
2025-07-07,45,2025-W28,TELM-500,962,920,783,22258.01,12203.57,0.9563409563409564
2025-07-14,46,2025-W29,CFCL-355,980,936,803,28648.45,15029.380000000001,0.9551020408163265
2025-07-14,46,2025-W29,CFMO-355,622,602,506,20708.94,10566.71,0.9678456591639871
2025-07-14,46,2025-W29,CFVN-355,774,749,619,23767.46,12187.29,0.9677002583979328
2025-07-14,46,2025-W29,ENRG-473,594,572,501,22856.6,11012.17,0.9629629629629629
2025-07-14,46,2025-W29,FRTR-500,866,830,707,21661.34,11632.55,0.9584295612009238
2025-07-14,46,2025-W29,TELM-500,944,908,753,21764.73,12089.61,0.961864406779661
2025-07-21,47,2025-W30,CFCL-355,991,949,772,27543.31,14442.23,0.9576185671039354
2025-07-21,47,2025-W30,CFMO-355,625,606,497,20111.03,10143.09,0.9696
2025-07-21,47,2025-W30,CFVN-355,756,729,631,24572.86,12761.18,0.9642857142857143
2025-07-21,47,2025-W30,ENRG-473,588,568,476,21849.69,10589.47,0.9659863945578231
2025-07-21,47,2025-W30,FRTR-500,868,829,735,22413.239999999998,11980.93,0.9550691244239631
2025-07-21,47,2025-W30,TELM-500,958,916,822,23361.15,12793.15,0.9561586638830898
2025-07-28,48,2025-W31,CFCL-355,961,925,736,26478.38,13980.51,0.9625390218522373
2025-07-28,48,2025-W31,CFMO-355,608,585,494,20249.48,10335.73,0.962171052631579
2025-07-28,48,2025-W31,CFVN-355,767,742,611,23712.32,12268.02,0.9674054758800521
2025-07-28,48,2025-W31,ENRG-473,578,559,464,21474.43,10491.41,0.967128027681661
2025-07-28,48,2025-W31,FRTR-500,828,800,684,21136.36,11422.1,0.966183574879227
2025-07-28,48,2025-W31,TELM-500,918,875,757,21578.16,11839.86,0.9531590413943355
2025-08-04,49,2025-W32,CFCL-355,985,944,804,28727.4,15066.64,0.9583756345177665
2025-08-04,49,2025-W32,CFMO-355,623,603,500,20122.0,10081.84,0.9678972712680578
2025-08-04,49,2025-W32,CFVN-355,759,733,600,23083.3,11838.27,0.9657444005270093
2025-08-04,49,2025-W32,ENRG-473,549,538,432,19772.46,9540.83,0.9799635701275046
2025-08-04,49,2025-W32,FRTR-500,840,814,729,22327.02,11967.35,0.969047619047619
2025-08-04,49,2025-W32,TELM-500,879,843,701,20189.53,11166.24,0.9590443686006825
2025-08-11,50,2025-W33,CFCL-355,982,946,845,30253.65,15887.67,0.9633401221995926
2025-08-11,50,2025-W33,CFMO-355,602,586,490,20142.01,10296.72,0.973421926910299
2025-08-11,50,2025-W33,CFVN-355,756,732,650,25461.2,13271.86,0.9682539682539683
2025-08-11,50,2025-W33,ENRG-473,540,525,444,20478.55,9956.36,0.9722222222222222
2025-08-11,50,2025-W33,FRTR-500,843,806,692,21087.06,11247.34,0.9561091340450771
2025-08-11,50,2025-W33,TELM-500,910,874,740,21156.52,11625.4,0.9604395604395605
2025-08-18,51,2025-W34,CFCL-355,954,917,791,28588.59,15132.63,0.9612159329140462
2025-08-18,51,2025-W34,CFMO-355,600,585,481,19714.47,10044.16,0.975
2025-08-18,51,2025-W34,CFVN-355,758,736,614,23879.17,12357.99,0.9709762532981531
2025-08-18,51,2025-W34,ENRG-473,544,528,463,21178.57,10199.51,0.9705882352941176
2025-08-18,51,2025-W34,FRTR-500,822,789,654,20321.36,11016.380000000001,0.9598540145985401
2025-08-18,51,2025-W34,TELM-500,889,860,735,21210.99,11738.67,0.9673790776152981
2025-08-25,52,2025-W35,CFCL-355,1064,1015,895,31794.54,16560.1,0.9539473684210527
2025-08-25,52,2025-W35,CFMO-355,666,646,548,22357.42,11333.56,0.96996996996997
2025-08-25,52,2025-W35,CFVN-355,812,782,657,25586.45,13250.98,0.9630541871921182
2025-08-25,52,2025-W35,ENRG-473,544,524,448,20625.71,9995.89,0.9632352941176471
2025-08-25,52,2025-W35,FRTR-500,827,799,668,20474.920000000002,10965.04,0.966142684401451
2025-08-25,52,2025-W35,TELM-500,906,867,733,20953.49,11501.27,0.956953642384106
2025-09-01,53,2025-W36,CFCL-355,1030,994,842,30392.71,16051.77,0.9650485436893204
2025-09-01,53,2025-W36,CFMO-355,635,615,476,19687.12,10105.88,0.968503937007874
2025-09-01,53,2025-W36,CFVN-355,817,786,698,27191.289999999997,14078.24,0.9620563035495716
2025-09-01,53,2025-W36,ENRG-473,529,512,402,18753.47,9209.35,0.9678638941398866
2025-09-01,53,2025-W36,FRTR-500,832,800,679,20839.74,11167.449999999999,0.9615384615384616
2025-09-01,53,2025-W36,TELM-500,897,865,767,22105.66,12209.039999999999,0.9643255295429208
2025-09-08,54,2025-W37,CFCL-355,1037,997,886,31837.28,16737.89,0.9614271938283511
2025-09-08,54,2025-W37,CFMO-355,655,630,530,21729.04,11054.42,0.9618320610687023
2025-09-08,54,2025-W37,CFVN-355,801,778,688,26909.45,13976.38,0.9712858926342073
2025-09-08,54,2025-W37,ENRG-473,536,518,431,20092.3,9853.64,0.9664179104477612
2025-09-08,54,2025-W37,FRTR-500,827,786,684,21089.36,11339.93,0.9504232164449818
2025-09-08,54,2025-W37,TELM-500,890,864,755,21857.18,12109.529999999999,0.9707865168539326
2025-09-15,55,2025-W38,CFCL-355,1036,995,908,32587.91,17104.2,0.9604247104247104
2025-09-15,55,2025-W38,CFMO-355,664,639,542,22009.21,11086.41,0.9623493975903614
2025-09-15,55,2025-W38,CFVN-355,794,757,663,26057.62,13587.03,0.9534005037783375
2025-09-15,55,2025-W38,ENRG-473,549,527,421,19198.89,9191.72,0.9599271402550091
2025-09-15,55,2025-W38,FRTR-500,815,787,688,21383.2,11570.91,0.9656441717791411
2025-09-15,55,2025-W38,TELM-500,882,846,758,21840.8,12048.46,0.9591836734693877
2025-09-22,56,2025-W39,CFCL-355,1029,987,863,31376.99,16651.96,0.9591836734693877
2025-09-22,56,2025-W39,CFMO-355,648,629,550,22678.69,11587.98,0.970679012345679
2025-09-22,56,2025-W39,CFVN-355,798,772,667,26195.24,13641.83,0.9674185463659147
2025-09-22,56,2025-W39,ENRG-473,531,512,391,18115.86,8816.16,0.9642184557438794
2025-09-22,56,2025-W39,FRTR-500,810,785,689,21332.57,11500.13,0.9691358024691358
2025-09-22,56,2025-W39,TELM-500,904,867,801,23078.13,12724.18,0.959070796460177
2025-09-29,57,2025-W40,CFCL-355,1039,995,895,32077.03,16796.84,0.9576515880654476
2025-09-29,57,2025-W40,CFMO-355,661,641,517,20995.73,10564.33,0.9697428139183056
2025-09-29,57,2025-W40,CFVN-355,801,767,694,27413.98,14344.74,0.9575530586766542
2025-09-29,57,2025-W40,ENRG-473,530,517,430,20134.989999999998,9901.61,0.9754716981132076
2025-09-29,57,2025-W40,FRTR-500,831,808,654,20138.14,10799.56,0.9723225030084236
2025-09-29,57,2025-W40,TELM-500,876,840,713,20694.75,11472.789999999999,0.958904109589041
2025-10-06,58,2025-W41,CFCL-355,1058,1011,870,31186.3,16324.01,0.9555765595463138
2025-10-06,58,2025-W41,CFMO-355,644,616,542,22492.42,11549.78,0.9565217391304348
2025-10-06,58,2025-W41,CFVN-355,806,783,713,27974.57,14539.31,0.9714640198511166
2025-10-06,58,2025-W41,ENRG-473,552,533,418,19135.76,9181.87,0.9655797101449275
2025-10-06,58,2025-W41,FRTR-500,812,788,679,21194.95,11493.56,0.9704433497536946
2025-10-06,58,2025-W41,TELM-500,902,870,763,22025.53,12150.96,0.9645232815964523
2025-10-13,59,2025-W42,CFCL-355,1048,998,885,31896.41,16768.72,0.9522900763358778
2025-10-13,59,2025-W42,CFMO-355,666,641,544,22380.01,11390.59,0.9624624624624625
2025-10-13,59,2025-W42,CFVN-355,813,783,689,26917.68,13926.93,0.9630996309963099
2025-10-13,59,2025-W42,ENRG-473,534,519,452,21109.3,10339.55,0.9719101123595506
2025-10-13,59,2025-W42,FRTR-500,836,803,695,21398.489999999998,11462.63,0.9605263157894737
2025-10-13,59,2025-W42,TELM-500,924,875,755,21610.2,11833.26,0.946969696969697
2025-10-20,60,2025-W43,CFCL-355,1047,999,891,32385.5,17146.3,0.9541547277936963
2025-10-20,60,2025-W43,CFMO-355,656,636,524,21634.43,11042.61,0.9695121951219512
2025-10-20,60,2025-W43,CFVN-355,798,775,713,28032.32,14581.01,0.9711779448621554
2025-10-20,60,2025-W43,ENRG-473,541,521,439,20496.12,10029.7,0.9630314232902033
2025-10-20,60,2025-W43,FRTR-500,824,792,614,19113.0,10329.91,0.9611650485436893
2025-10-20,60,2025-W43,TELM-500,906,874,747,21610.86,11931.81,0.9646799116997793
2025-10-27,61,2025-W44,CFCL-355,1041,1011,863,31347.760000000002,16578.52,0.9711815561959655
2025-10-27,61,2025-W44,CFMO-355,659,634,550,22721.51,11597.54,0.9620637329286799
2025-10-27,61,2025-W44,CFVN-355,820,789,678,26557.16,13758.56,0.9621951219512195
2025-10-27,61,2025-W44,ENRG-473,540,524,445,20729.3,10113.54,0.9703703703703703
2025-10-27,61,2025-W44,FRTR-500,826,795,691,21520.14,11629.6,0.9624697336561744
2025-10-27,61,2025-W44,TELM-500,914,878,764,21971.5,12066.3,0.9606126914660832
2025-11-03,62,2025-W45,CFCL-355,1073,1030,976,35225.56,18512.489999999998,0.9599254426840633
2025-11-03,62,2025-W45,CFMO-355,669,647,556,23022.72,11770.68,0.9671150971599403
2025-11-03,62,2025-W45,CFVN-355,838,806,655,25636.29,13264.37,0.9618138424821002
2025-11-03,62,2025-W45,ENRG-473,551,532,456,21114.05,10229.42,0.9655172413793104
2025-11-03,62,2025-W45,FRTR-500,838,808,668,20708.51,11141.45,0.964200477326969
2025-11-03,62,2025-W45,TELM-500,918,889,778,22357.71,12264.84,0.9684095860566448
2025-11-10,63,2025-W46,CFCL-355,1060,1014,889,32062.46,16830.11,0.9566037735849057
2025-11-10,63,2025-W46,CFMO-355,663,644,603,24936.47,12725.92,0.971342383107089
2025-11-10,63,2025-W46,CFVN-355,823,795,659,25903.84,13449.0,0.9659781287970839
2025-11-10,63,2025-W46,ENRG-473,548,535,419,19475.46,9468.039999999999,0.9762773722627737
2025-11-10,63,2025-W46,FRTR-500,849,810,717,22148.05,11873.1,0.9540636042402827
2025-11-10,63,2025-W46,TELM-500,906,879,749,21891.14,12168.73,0.9701986754966887
2025-11-17,64,2025-W47,CFCL-355,1186,1140,1009,36762.08,19463.23,0.9612141652613828
2025-11-17,64,2025-W47,CFMO-355,747,716,591,24571.01,12596.38,0.9585006693440429
2025-11-17,64,2025-W47,CFVN-355,924,892,765,30264.01,15797.25,0.9653679653679653
2025-11-17,64,2025-W47,ENRG-473,613,598,503,23633.95,11613.05,0.9755301794453507
2025-11-17,64,2025-W47,FRTR-500,953,911,815,25252.56,13566.16,0.9559286463798531
2025-11-17,64,2025-W47,TELM-500,1026,994,864,25098.7,13876.86,0.9688109161793372
2025-11-24,65,2025-W48,CFCL-355,1216,1172,972,35118.36,18443.99,0.9638157894736842
2025-11-24,65,2025-W48,CFMO-355,760,725,626,25857.29,13165.93,0.9539473684210527
2025-11-24,65,2025-W48,CFVN-355,939,896,815,32255.42,16833.79,0.9542066027689031
2025-11-24,65,2025-W48,ENRG-473,621,607,466,21762.63,10619.32,0.9774557165861514
2025-11-24,65,2025-W48,FRTR-500,946,905,806,25092.17,13527.98,0.9566596194503171
2025-11-24,65,2025-W48,TELM-500,1052,1010,884,25686.97,14198.58,0.9600760456273765
2025-12-01,66,2025-W49,CFCL-355,1200,1153,987,36021.27,19079.47,0.9608333333333333
2025-12-01,66,2025-W49,CFMO-355,773,745,578,23735.07,12009.83,0.963777490297542
2025-12-01,66,2025-W49,CFVN-355,938,909,827,32702.71,17044.78,0.9690831556503199
2025-12-01,66,2025-W49,ENRG-473,626,603,478,22414.78,10977.65,0.963258785942492
2025-12-01,66,2025-W49,FRTR-500,971,938,834,26080.22,14107.2,0.9660144181256437
2025-12-01,66,2025-W49,TELM-500,1031,994,886,25835.3,14314.01,0.9641125121241513
2025-12-08,67,2025-W50,CFCL-355,1239,1185,1061,38344.16,20121.31,0.9564164648910412
2025-12-08,67,2025-W50,CFMO-355,764,734,596,24725.42,12627.85,0.9607329842931938
2025-12-08,67,2025-W50,CFVN-355,948,912,821,32175.48,16621.78,0.9620253164556962
2025-12-08,67,2025-W50,ENRG-473,618,595,542,25489.42,12513.3,0.9627831715210357
2025-12-08,67,2025-W50,FRTR-500,978,945,799,24759.690000000002,13282.32,0.9662576687116564
2025-12-08,67,2025-W50,TELM-500,1032,995,937,27537.84,15346.05,0.9641472868217055
2025-12-15,68,2025-W51,CFCL-355,1268,1227,1023,37083.49,19502.76,0.9676656151419558
2025-12-15,68,2025-W51,CFMO-355,778,750,620,25708.91,13116.7,0.9640102827763496
2025-12-15,68,2025-W51,CFVN-355,953,920,794,31102.05,16050.97,0.9653725078698846
2025-12-15,68,2025-W51,ENRG-473,624,605,497,23392.01,11486.13,0.969551282051282
2025-12-15,68,2025-W51,FRTR-500,984,936,795,24644.38,13217.6,0.9512195121951219
2025-12-15,68,2025-W51,TELM-500,1069,1029,937,27232.82,15033.81,0.9625818521983162
2025-12-22,69,2025-W52,CFCL-355,1239,1190,1005,36522.91,19241.35,0.96045197740113
2025-12-22,69,2025-W52,CFMO-355,761,733,638,26693.74,13728.34,0.9632063074901446
2025-12-22,69,2025-W52,CFVN-355,997,959,865,33565.47,17158.78,0.9618856569709128
2025-12-22,69,2025-W52,ENRG-473,639,614,545,25246.43,12182.960000000001,0.9608763693270735
2025-12-22,69,2025-W52,FRTR-500,967,925,848,26714.4,14518.61,0.9565667011375388
2025-12-22,69,2025-W52,TELM-500,1073,1033,879,25691.690000000002,14241.01,0.9627213420316869
2025-12-29,70,2025-W01,CFCL-355,1031,992,891,32409.47,17079.12,0.962172647914646
2025-12-29,70,2025-W01,CFMO-355,618,603,473,19990.56,10372.35,0.9757281553398058
2025-12-29,70,2025-W01,CFVN-355,794,765,685,26868.4,13868.07,0.9634760705289672
2025-12-29,70,2025-W01,ENRG-473,570,551,467,21947.22,10746.83,0.9666666666666667
2025-12-29,70,2025-W01,FRTR-500,884,848,746,23148.58,12413.39,0.9592760180995475
2025-12-29,70,2025-W01,TELM-500,950,914,790,23001.75,12704.24,0.9621052631578947
2026-01-05,71,2026-W02,CFCL-355,1020,986,843,30891.37,16378.25,0.9666666666666667
2026-01-05,71,2026-W02,CFMO-355,653,634,541,22495.09,11487.880000000001,0.9709035222052067
2026-01-05,71,2026-W02,CFVN-355,788,754,667,26491.44,13825.2,0.9568527918781726
2026-01-05,71,2026-W02,ENRG-473,568,553,459,21647.84,10632.65,0.9735915492957746
2026-01-05,71,2026-W02,FRTR-500,881,851,739,22984.18,12343.36,0.9659477866061293
2026-01-05,71,2026-W02,TELM-500,946,911,805,23580.65,13081.480000000001,0.9630021141649049
2026-01-12,72,2026-W03,CFCL-355,1045,997,868,31528.36,16575.86,0.9540669856459331
2026-01-12,72,2026-W03,CFMO-355,636,619,510,21376.04,10993.16,0.9732704402515723
2026-01-12,72,2026-W03,CFVN-355,812,787,623,24638.13,12800.37,0.9692118226600985
2026-01-12,72,2026-W03,ENRG-473,576,558,484,22755.21,11133.07,0.96875
2026-01-12,72,2026-W03,FRTR-500,910,872,741,22875.05,12199.07,0.9582417582417583
2026-01-12,72,2026-W03,TELM-500,969,936,806,23539.6,13021.23,0.9659442724458205
2026-01-19,73,2026-W04,CFCL-355,1048,1003,926,33763.8,17802.83,0.9570610687022901
2026-01-19,73,2026-W04,CFMO-355,652,634,516,21498.52,10987.35,0.9723926380368099
2026-01-19,73,2026-W04,CFVN-355,810,777,694,27498.39,14303.79,0.9592592592592593
2026-01-19,73,2026-W04,ENRG-473,574,561,460,21791.05,10738.76,0.9773519163763066
2026-01-19,73,2026-W04,FRTR-500,912,875,801,24897.48,13350.28,0.9594298245614035
2026-01-19,73,2026-W04,TELM-500,975,934,804,23534.18,13035.6,0.9579487179487179
2026-01-26,74,2026-W05,CFCL-355,1063,1023,901,32623.350000000002,17083.91,0.9623706491063029
2026-01-26,74,2026-W05,CFMO-355,663,635,541,22418.15,11391.19,0.9577677224736049
2026-01-26,74,2026-W05,CFVN-355,825,793,730,28701.77,14814.48,0.9612121212121212
2026-01-26,74,2026-W05,ENRG-473,591,571,448,21071.010000000002,10300.67,0.9661590524534687
2026-01-26,74,2026-W05,FRTR-500,897,858,734,22942.26,12354.62,0.9565217391304348
2026-01-26,74,2026-W05,TELM-500,997,961,843,24487.22,13472.67,0.9638916750250752
2026-02-02,75,2026-W06,CFCL-355,1056,1014,943,34270.83,17997.44,0.9602272727272727
2026-02-02,75,2026-W06,CFMO-355,648,625,510,21302.68,10901.5,0.9645061728395061
2026-02-02,75,2026-W06,CFVN-355,803,788,694,27841.239999999998,14630.94,0.9813200498132005
2026-02-02,75,2026-W06,ENRG-473,582,561,453,21352.24,10455.26,0.9639175257731959
2026-02-02,75,2026-W06,FRTR-500,908,876,758,23766.670000000002,12826.35,0.9647577092511013
2026-02-02,75,2026-W06,TELM-500,984,949,838,24501.73,13546.15,0.9644308943089431
2026-02-09,76,2026-W07,CFCL-355,1044,998,907,33273.83,17612.41,0.9559386973180076
2026-02-09,76,2026-W07,CFMO-355,673,649,559,23189.54,11782.18,0.9643387815750372
2026-02-09,76,2026-W07,CFVN-355,818,785,651,25872.17,13473.02,0.9596577017114915
2026-02-09,76,2026-W07,ENRG-473,594,572,476,22288.4,10831.24,0.9629629629629629
2026-02-09,76,2026-W07,FRTR-500,911,877,725,22616.44,12146.1,0.9626783754116356
2026-02-09,76,2026-W07,TELM-500,989,955,862,25183.45,13907.43,0.9656218402426694
2026-02-16,77,2026-W08,CFCL-355,1066,1029,901,32981.590000000004,17414.55,0.9652908067542214
2026-02-16,77,2026-W08,CFMO-355,668,648,555,23113.94,11781.48,0.9700598802395209
2026-02-16,77,2026-W08,CFVN-355,817,781,665,26509.79,13836.51,0.95593635250918
2026-02-16,77,2026-W08,ENRG-473,595,570,492,23044.16,11194.89,0.957983193277311
2026-02-16,77,2026-W08,FRTR-500,913,877,774,24192.23,13007.66,0.9605695509309967
2026-02-16,77,2026-W08,TELM-500,982,950,827,24268.79,13444.32,0.9674134419551935
2026-02-23,78,2026-W09,CFCL-355,1074,1035,884,32430.350000000002,17147.97,0.9636871508379888
2026-02-23,78,2026-W09,CFMO-355,672,654,565,23503.91,11960.46,0.9732142857142857
2026-02-23,78,2026-W09,CFVN-355,822,787,732,29045.05,15086.7,0.9574209245742092
2026-02-23,78,2026-W09,ENRG-473,597,580,463,21595.61,10438.18,0.9715242881072027
2026-02-23,78,2026-W09,FRTR-500,909,874,710,22405.670000000002,12139.91,0.9614961496149615
2026-02-23,78,2026-W09,TELM-500,996,953,840,24504.98,13503.71,0.9568273092369478
2026-03-02,79,2026-W10,CFCL-355,1065,1024,903,33233.6,17613.57,0.9615023474178404
2026-03-02,79,2026-W10,CFMO-355,665,640,560,23547.57,12099.46,0.9624060150375939
2026-03-02,79,2026-W10,CFVN-355,843,813,726,28636.89,14784.69,0.9644128113879004
2026-03-02,79,2026-W10,ENRG-473,598,573,505,23591.989999999998,11415.279999999999,0.9581939799331104
2026-03-02,79,2026-W10,FRTR-500,926,884,807,25118.5,13443.3,0.9546436285097192
2026-03-02,79,2026-W10,TELM-500,988,947,844,24943.91,13883.68,0.958502024291498
2026-03-09,80,2026-W11,CFCL-355,1080,1035,905,33197.68,17533.81,0.9583333333333334
2026-03-09,80,2026-W11,CFMO-355,679,649,545,22703.25,11555.21,0.9558173784977909
2026-03-09,80,2026-W11,CFVN-355,835,808,678,27131.51,14187.46,0.9676646706586827
2026-03-09,80,2026-W11,ENRG-473,595,572,512,24108.54,11755.69,0.9613445378151261
2026-03-09,80,2026-W11,FRTR-500,912,880,740,23342.61,12630.44,0.9649122807017544
2026-03-09,80,2026-W11,TELM-500,1004,964,848,24896.059999999998,13776.9,0.9601593625498008
2026-03-16,81,2026-W12,CFCL-355,1058,1014,871,32121.15,17036.84,0.9584120982986768
2026-03-16,81,2026-W12,CFMO-355,681,659,546,22771.86,11596.74,0.9676945668135095
2026-03-16,81,2026-W12,CFVN-355,855,816,749,29547.61,15239.62,0.9543859649122807
2026-03-16,81,2026-W12,ENRG-473,611,591,520,24443.56,11890.310000000001,0.967266775777414
2026-03-16,81,2026-W12,FRTR-500,969,929,823,25828.57,13907.84,0.9587203302373581
2026-03-16,81,2026-W12,TELM-500,1051,1009,845,24728.72,13642.32,0.9600380589914367
2026-03-23,82,2026-W13,CFCL-355,1098,1043,960,35180.41,18544.86,0.9499089253187614
2026-03-23,82,2026-W13,CFMO-355,671,644,531,22492.920000000002,11618.52,0.9597615499254843
2026-03-23,82,2026-W13,CFVN-355,852,813,701,27702.2,14303.3,0.954225352112676
2026-03-23,82,2026-W13,ENRG-473,599,579,524,24851.04,12193.82,0.9666110183639399
2026-03-23,82,2026-W13,FRTR-500,964,918,754,23629.75,12702.0,0.9522821576763485
2026-03-23,82,2026-W13,TELM-500,1044,999,865,25606.34,14250.710000000001,0.9568965517241379
2026-03-30,83,2026-W14,CFCL-355,1078,1032,988,36346.71,19215.94,0.9573283858998145
2026-03-30,83,2026-W14,CFMO-355,666,642,565,23786.76,12209.0,0.963963963963964
2026-03-30,83,2026-W14,CFVN-355,833,802,716,28688.77,14995.09,0.9627851140456183
2026-03-30,83,2026-W14,ENRG-473,599,576,490,23095.6,11252.64,0.9616026711185309
2026-03-30,83,2026-W14,FRTR-500,952,917,800,25173.53,13572.27,0.9632352941176471
2026-03-30,83,2026-W14,TELM-500,1047,1004,850,24956.54,13791.38,0.958930276981853
2026-04-06,84,2026-W15,CFCL-355,1079,1038,911,33518.67,17713.68,0.9620018535681186
2026-04-06,84,2026-W15,CFMO-355,678,653,564,23567.8,12003.8,0.9631268436578171
2026-04-06,84,2026-W15,CFVN-355,850,819,722,28550.46,14733.92,0.9635294117647059
2026-04-06,84,2026-W15,ENRG-473,596,584,492,23524.28,11625.96,0.9798657718120806
2026-04-06,84,2026-W15,FRTR-500,966,932,780,24420.68,13102.67,0.9648033126293996
2026-04-06,84,2026-W15,TELM-500,1036,996,882,26083.74,14491.39,0.9613899613899614
2026-04-13,85,2026-W16,CFCL-355,1089,1046,960,34969.729999999996,18304.829999999998,0.960514233241506
2026-04-13,85,2026-W16,CFMO-355,669,650,527,22288.33,11476.68,0.9715994020926756
2026-04-13,85,2026-W16,CFVN-355,846,812,699,27808.69,14424.449999999999,0.9598108747044918
2026-04-13,85,2026-W16,ENRG-473,606,586,495,23294.74,11316.710000000001,0.966996699669967
2026-04-13,85,2026-W16,FRTR-500,963,928,788,24744.0,13303.32,0.9636552440290758
2026-04-13,85,2026-W16,TELM-500,1048,1002,858,25265.8,13982.210000000001,0.9561068702290076
2026-04-20,86,2026-W17,CFCL-355,1078,1039,862,31801.12,16828.6,0.963821892393321
2026-04-20,86,2026-W17,CFMO-355,673,656,532,22356.74,11435.91,0.974739970282318
2026-04-20,86,2026-W17,CFVN-355,835,805,693,27888.98,14611.72,0.9640718562874252
2026-04-20,86,2026-W17,ENRG-473,592,572,487,23221.14,11429.75,0.9662162162162162
2026-04-20,86,2026-W17,FRTR-500,963,924,820,25902.26,13989.89,0.9595015576323987
2026-04-20,86,2026-W17,TELM-500,1033,992,849,24964.65,13792.869999999999,0.9603097773475314
2026-04-27,87,2026-W18,CFCL-355,1069,1026,929,34332.1,18186.31,0.9597754911131899
2026-04-27,87,2026-W18,CFMO-355,665,643,552,23232.4,11894.5,0.9669172932330827
2026-04-27,87,2026-W18,CFVN-355,822,791,669,26734.84,13909.71,0.962287104622871
2026-04-27,87,2026-W18,ENRG-473,606,589,498,23554.35,11489.710000000001,0.971947194719472
2026-04-27,87,2026-W18,FRTR-500,927,889,767,24460.86,13312.01,0.9590075512405609
2026-04-27,87,2026-W18,TELM-500,1033,997,858,25379.45,14082.58,0.9651500484027106
2026-05-04,88,2026-W19,CFCL-355,1058,1016,873,32275.45,17093.98,0.9603024574669187
2026-05-04,88,2026-W19,CFMO-355,673,646,578,24263.77,12384.74,0.9598811292719168
2026-05-04,88,2026-W19,CFVN-355,840,809,724,28872.22,14984.64,0.9630952380952381
2026-05-04,88,2026-W19,ENRG-473,629,613,549,26132.31,12824.36,0.9745627980922098
2026-05-04,88,2026-W19,FRTR-500,947,905,804,25560.97,13867.39,0.955649419218585
2026-05-04,88,2026-W19,TELM-500,1028,991,846,25073.47,13928.05,0.9640077821011673
2026-05-11,89,2026-W20,CFCL-355,1096,1058,918,33369.59,17396.25,0.9653284671532847
2026-05-11,89,2026-W20,CFMO-355,687,663,528,22015.72,11157.89,0.9650655021834061
2026-05-11,89,2026-W20,CFVN-355,849,812,716,28521.45,14779.3,0.9564193168433451
2026-05-11,89,2026-W20,ENRG-473,630,611,566,26991.9,13263.64,0.9698412698412698
2026-05-11,89,2026-W20,FRTR-500,940,907,776,24757.21,13464.21,0.9648936170212766
2026-05-11,89,2026-W20,TELM-500,1047,1004,885,26273.96,14607.85,0.958930276981853
2026-05-18,90,2026-W21,CFCL-355,1054,1014,914,33981.0,18067.87,0.9620493358633776
2026-05-18,90,2026-W21,CFMO-355,682,650,548,22873.79,11598.15,0.9530791788856305
2026-05-18,90,2026-W21,CFVN-355,832,806,682,27224.31,14126.949999999999,0.96875
2026-05-18,90,2026-W21,ENRG-473,628,605,496,23613.34,11575.78,0.9633757961783439
2026-05-18,90,2026-W21,FRTR-500,948,911,773,24481.64,13225.630000000001,0.9609704641350211
2026-05-18,90,2026-W21,TELM-500,1020,985,838,24924.05,13870.99,0.9656862745098039
2026-05-25,91,2026-W22,CFCL-355,1068,1028,919,33858.54,17848.88,0.9625468164794008
2026-05-25,91,2026-W22,CFMO-355,657,633,556,23563.48,12116.5,0.9634703196347032
2026-05-25,91,2026-W22,CFVN-355,831,795,655,26210.77,13624.45,0.9566787003610109
2026-05-25,91,2026-W22,ENRG-473,629,611,486,23208.57,11406.88,0.9713831478537361
2026-05-25,91,2026-W22,FRTR-500,935,905,823,26149.7,14158.58,0.9679144385026738
2026-05-25,91,2026-W22,TELM-500,1018,978,826,24499.61,13598.48,0.9607072691552063
2026-06-01,92,2026-W23,CFCL-355,1057,1018,871,32398.76,17216.4,0.9631031220435194
2026-06-01,92,2026-W23,CFMO-355,676,656,591,24834.42,12659.73,0.9704142011834319
2026-06-01,92,2026-W23,CFVN-355,803,772,698,28152.03,14731.710000000001,0.9613947696139477
2026-06-01,92,2026-W23,ENRG-473,620,602,494,23671.21,11668.039999999999,0.9709677419354839
2026-06-01,92,2026-W23,FRTR-500,920,878,780,24791.48,13420.18,0.9543478260869566
2026-06-01,92,2026-W23,TELM-500,1012,977,877,26078.44,14497.460000000001,0.9654150197628458
2026-06-08,93,2026-W24,CFCL-355,1057,1014,890,32963.6,17440.94,0.9593188268684958
2026-06-08,93,2026-W24,CFMO-355,656,633,527,22364.85,11502.2,0.9649390243902439
2026-06-08,93,2026-W24,CFVN-355,794,774,659,26886.16,14208.28,0.9748110831234257
2026-06-08,93,2026-W24,ENRG-473,627,607,538,25620.2,12540.38,0.9681020733652312
2026-06-08,93,2026-W24,FRTR-500,929,891,764,24481.39,13336.75,0.9590958019375673
2026-06-08,93,2026-W24,TELM-500,1012,970,899,26714.15,14835.63,0.958498023715415
2026-06-15,94,2026-W25,CFCL-355,1035,991,843,31593.07,16881.57,0.957487922705314
2026-06-15,94,2026-W25,CFMO-355,662,641,538,22708.99,11613.18,0.9682779456193353
2026-06-15,94,2026-W25,CFVN-355,811,775,668,26880.13,14021.51,0.9556103575832305
2026-06-15,94,2026-W25,ENRG-473,616,597,500,23862.329999999998,11699.21,0.9691558441558441
2026-06-15,94,2026-W25,FRTR-500,921,885,801,25567.07,13875.94,0.9609120521172638
2026-06-15,94,2026-W25,TELM-500,999,958,844,25131.3,13973.05,0.958958958958959
2026-06-22,95,2026-W26,CFCL-355,1038,993,857,32067.61,17103.01,0.9566473988439307
2026-06-22,95,2026-W26,CFMO-355,655,635,539,22726.420000000002,11603.29,0.9694656488549618
2026-06-22,95,2026-W26,CFVN-355,806,776,734,29565.09,15427.789999999999,0.9627791563275434
2026-06-22,95,2026-W26,ENRG-473,616,601,523,24893.45,12163.41,0.9756493506493507
2026-06-22,95,2026-W26,FRTR-500,922,891,810,25864.43,14035.02,0.9663774403470716
2026-06-22,95,2026-W26,TELM-500,994,955,852,25268.05,13997.5,0.9607645875251509
2026-06-29,96,2026-W27,CFCL-355,1036,994,846,31490.33,16709.14,0.9594594594594594
2026-06-29,96,2026-W27,CFMO-355,638,620,539,22911.81,11782.19,0.9717868338557993
2026-06-29,96,2026-W27,CFVN-355,800,767,652,26236.97,13671.75,0.95875
2026-06-29,96,2026-W27,ENRG-473,613,594,542,25821.9,12621.65,0.9690048939641109
2026-06-29,96,2026-W27,FRTR-500,919,878,784,25057.94,13601.5,0.955386289445049
2026-06-29,96,2026-W27,TELM-500,990,954,822,24556.95,13676.65,0.9636363636363636
2026-07-06,97,2026-W28,CFCL-355,1027,986,859,31905.0,16887.94,0.9600778967867576
2026-07-06,97,2026-W28,CFMO-355,646,625,538,22812.76,11697.35,0.9674922600619195
2026-07-06,97,2026-W28,CFVN-355,805,780,666,26869.84,14027.19,0.968944099378882
2026-07-06,97,2026-W28,ENRG-473,614,591,470,22518.78,11065.39,0.9625407166123778
2026-07-06,97,2026-W28,FRTR-500,901,866,723,23214.62,12643.22,0.9611542730299667
2026-07-06,97,2026-W28,TELM-500,1010,974,850,25294.45,14036.98,0.9643564356435643
2026-07-13,98,2026-W29,CFCL-355,1020,987,859,32163.54,17137.63,0.9676470588235294
2026-07-13,98,2026-W29,CFMO-355,630,617,484,20625.68,10620.07,0.9793650793650793
2026-07-13,98,2026-W29,CFVN-355,803,766,642,25938.59,13551.45,0.9539227895392279
2026-07-13,98,2026-W29,ENRG-473,616,597,536,25761.65,12692.220000000001,0.9691558441558441
2026-07-13,98,2026-W29,FRTR-500,915,879,765,24534.19,13342.31,0.9606557377049181
2026-07-13,98,2026-W29,TELM-500,1009,970,877,25948.49,14326.66,0.9613478691774033
2026-07-20,99,2026-W30,CFCL-355,1048,1003,870,32017.82,16790.57,0.9570610687022901
2026-07-20,99,2026-W30,CFMO-355,647,629,512,21570.51,10979.91,0.9721792890262752
2026-07-20,99,2026-W30,CFVN-355,786,757,630,25588.76,13426.05,0.9631043256997456
2026-07-20,99,2026-W30,ENRG-473,614,589,481,23070.760000000002,11335.58,0.9592833876221498
2026-07-20,99,2026-W30,FRTR-500,926,888,757,23935.42,12854.07,0.958963282937365
2026-07-20,99,2026-W30,TELM-500,998,961,839,25059.11,13934.47,0.9629258517034068
2026-07-27,100,2026-W31,CFCL-355,1023,982,837,30995.78,16337.6,0.9599217986314761
2026-07-27,100,2026-W31,CFMO-355,653,630,516,21854.940000000002,11175.25,0.9647779479326187
2026-07-27,100,2026-W31,CFVN-355,803,775,651,26199.77,13624.38,0.9651307596513076
2026-07-27,100,2026-W31,ENRG-473,617,594,555,26576.73,13028.25,0.9627228525121556
2026-07-27,100,2026-W31,FRTR-500,866,832,726,23243.170000000002,12609.46,0.9607390300230947
2026-07-27,100,2026-W31,TELM-500,965,924,863,25361.24,13911.61,0.9575129533678757
2026-08-03,101,2026-W32,CFCL-355,1010,968,826,31115.89,16641.94,0.9584158415841584
2026-08-03,101,2026-W32,CFMO-355,629,613,534,22851.84,11793.28,0.9745627980922098
2026-08-03,101,2026-W32,CFVN-355,797,768,660,26554.75,13798.04,0.9636135508155583
2026-08-03,101,2026-W32,ENRG-473,577,558,494,23522.14,11455.71,0.9670710571923743
2026-08-03,101,2026-W32,FRTR-500,860,826,704,22577.54,12260.01,0.9604651162790697
2026-08-03,101,2026-W32,TELM-500,940,900,818,24598.85,13739.94,0.9574468085106383
2026-08-10,102,2026-W33,CFCL-355,1025,979,900,33411.48,17631.59,0.9551219512195122
2026-08-10,102,2026-W33,CFMO-355,651,626,568,23910.89,12141.28,0.9615975422427036
2026-08-10,102,2026-W33,CFVN-355,783,754,660,26869.13,14104.880000000001,0.9629629629629629
2026-08-10,102,2026-W33,ENRG-473,560,548,483,23194.02,11389.41,0.9785714285714285
2026-08-10,102,2026-W33,FRTR-500,862,827,745,23858.32,12933.5,0.9593967517401392
2026-08-10,102,2026-W33,TELM-500,959,922,771,22966.65,12725.59,0.9614181438998958
2026-08-17,103,2026-W34,CFCL-355,1036,996,889,32809.1,17213.0,0.9613899613899614
2026-08-17,103,2026-W34,CFMO-355,627,608,524,22472.54,11608.28,0.9696969696969697
2026-08-17,103,2026-W34,CFVN-355,786,758,586,23539.559999999998,12199.9,0.9643765903307888
2026-08-17,103,2026-W34,ENRG-473,562,543,423,20324.739999999998,9980.52,0.9661921708185054
2026-08-17,103,2026-W34,FRTR-500,864,834,694,22231.41,12048.53,0.9652777777777778
2026-08-17,103,2026-W34,TELM-500,955,921,823,24352.45,13414.35,0.9643979057591623
2026-08-24,104,2026-W35,CFCL-355,1115,1062,976,36141.79,19009.39,0.9524663677130045
2026-08-24,104,2026-W35,CFMO-355,673,646,558,23760.53,12184.710000000001,0.9598811292719168
2026-08-24,104,2026-W35,CFVN-355,835,804,659,26825.3,14065.57,0.962874251497006
2026-08-24,104,2026-W35,ENRG-473,569,550,481,22938.73,11169.28,0.9666080843585237
2026-08-24,104,2026-W35,FRTR-500,874,840,747,23733.41,12766.52,0.9610983981693364
2026-08-24,104,2026-W35,TELM-500,934,901,724,21807.97,12180.16,0.9646680942184154
